t_offset_s,vibration_g,current_a,pressure_bar,temp_motor_c,temp_fluid_c,flow_lpm,label
0,0.2141,2.7194,0.0547,88.8755,29.5102,128.0,
1,0.2126,2.4149,-0.2732,88.705,29.5124,128.0,
2,0.2101,2.0924,0.0547,88.5431,29.5089,126.646,
3,0.2103,2.6785,0.0547,88.9054,29.5049,126.68,
4,0.2112,2.3388,0.3826,88.5478,29.506,127.68,
5,0.2119,2.4293,0.3826,88.593,29.506,127.322,
6,0.2117,1.7167,0.3826,88.9641,29.5028,127.0,
7,0.208,1.9486,0.0547,88.8769,29.5031,127.0,
8,0.2127,2.9885,0.0547,88.9332,29.503,127.0,
9,0.2085,1.7555,0.0547,89.0014,29.4969,127.68,
10,0.2111,3.0275,0.0547,89.0435,29.4981,127.322,
11,0.2113,2.1491,0.0547,88.9727,29.4981,126.322,
12,0.2127,1.9908,-0.2732,89.0659,29.4993,126.68,
13,0.2118,1.2676,0.0547,89.0865,29.4958,127.0,
14,0.2091,2.8255,0.3826,89.0556,29.4943,127.0,
15,0.2123,2.4801,0.3826,88.8953,29.495,127.0,
16,0.2102,1.3218,-0.2732,88.9608,29.4897,127.0,
17,0.2088,1.7209,0.3826,89.0986,29.4852,127.0,
18,0.2108,2.2107,0.3826,88.999,29.4852,127.0,
19,0.213,1.1271,0.0547,88.7947,29.4882,127.0,
20,0.2096,1.8114,0.3826,89.0741,29.4899,127.0,
21,0.2129,2.6835,0.0547,89.0476,29.4896,127.0,
22,0.2087,2.1821,-0.2732,89.09,29.4806,127.68,
23,0.2105,1.9171,0.0547,88.8896,29.47,126.646,
24,0.2104,1.9188,0.0547,88.999,29.4888,127.361,
25,0.2116,2.2983,-0.6011,89.1617,29.4815,126.646,
26,0.2133,2.6571,0.7106,89.1523,29.4857,126.68,
27,0.2107,2.3244,0.7106,89.1672,29.4857,127.0,
28,0.2089,2.7112,0.3826,89.1675,29.4712,127.0,
29,0.2098,2.4524,0.0547,89.0776,29.4796,128.361,
30,0.2124,2.8517,-0.2732,89.1934,29.4889,127.646,
31,0.2127,2.0124,0.0547,89.1176,29.4895,126.322,
32,0.2122,2.4493,0.0547,89.1885,29.4907,127.361,
33,0.2115,2.7199,0.3826,89.1197,29.4891,128.0,
34,0.2099,2.4431,0.3826,89.1039,29.4891,126.646,
35,0.2089,2.2714,0.0547,89.1427,29.4963,126.68,
36,0.211,2.5951,0.0547,89.0378,29.5005,127.0,
37,0.2124,2.5575,0.0547,89.1708,29.4978,127.68,
38,0.2117,2.7772,-0.2732,88.7712,29.4995,128.0,
39,0.2122,2.8672,-0.2732,88.8271,29.5023,127.322,
40,0.2133,2.5378,0.3826,88.6119,29.4962,127.0,
41,0.2077,2.5847,-0.2732,88.4796,29.5086,127.68,
42,0.2113,2.9427,-0.2732,89.0394,29.5086,127.322,
43,0.2104,3.1926,0.0547,89.1948,29.5072,126.322,
44,0.2111,2.7435,-0.6011,89.1573,29.5185,127.0,
45,0.212,2.696,0.3826,88.3973,29.5226,127.0,
46,0.2145,2.6801,0.0547,89.2528,29.5269,127.68,
47,0.2099,2.6134,-0.6011,88.8639,29.5378,128.0,
48,0.2092,2.7764,0.0547,88.4837,29.5382,127.322,
49,0.212,2.5324,0.0547,88.7422,29.5585,127.0,
50,0.2139,2.8319,-0.2732,88.6097,29.5566,127.0,
51,0.2132,2.2913,-0.2732,88.4722,29.5566,127.0,
52,0.2095,2.5289,0.0547,88.5253,29.5556,127.68,
53,0.213,2.0254,0.0547,88.6363,29.5565,126.646,
54,0.2133,2.6537,0.7106,88.439,29.567,126.68,
55,0.2099,1.3308,0.0547,88.503,29.5641,127.0,
56,0.2083,1.6716,0.3826,88.6928,29.5661,127.0,
57,0.2127,2.9434,0.0547,88.5321,29.5807,127.0,
58,0.213,1.2681,0.0547,88.5169,29.5828,127.68,
59,0.2126,2.7843,0.0547,88.5819,29.5828,127.322,
60,0.2087,1.0518,0.0547,88.5452,29.5899,127.68,
61,0.2091,2.4879,-0.2732,88.5469,29.6012,126.646,
62,0.2096,2.8809,0.3826,88.5032,29.5902,126.68,
63,0.2137,2.8176,0.3826,88.5401,29.5922,127.68,
64,0.2153,2.5015,0.0547,88.7113,29.598,126.646,
65,0.2107,2.6568,-0.2732,88.5108,29.5819,127.361,
66,0.2119,3.0403,0.0547,88.6081,29.5901,127.322,
67,0.2107,2.1858,-0.6011,88.5809,29.5947,127.0,
68,0.2112,2.0572,0.0547,88.5478,29.5943,127.0,
69,0.2125,1.7528,0.0547,88.5082,29.5943,127.0,
70,0.2129,2.8566,0.0547,88.4996,29.5986,127.0,
71,0.2134,1.9159,0.0547,88.7147,29.5946,127.68,
72,0.2121,1.9196,0.0547,88.5209,29.5915,127.322,
73,0.2124,1.5918,0.0547,88.5138,29.5935,127.0,
74,0.2123,2.7052,0.0547,88.5803,29.5846,127.0,
75,0.2095,2.1561,0.3826,88.4568,29.5908,127.0,
76,0.2112,2.7443,0.3826,88.5554,29.5908,127.0,
77,0.2124,2.3721,0.0547,88.6355,29.5908,127.0,
78,0.2126,2.4306,-0.2732,88.4703,29.5918,126.322,
79,0.212,2.4984,0.7106,88.4126,29.5809,127.361,
80,0.2086,2.2916,0.0547,88.6169,29.5774,128.0,
81,0.2101,3.0596,0.3826,88.4615,29.5774,126.68,
82,0.211,2.6331,0.7106,88.5781,29.5729,127.0,
83,0.2142,2.0519,0.0547,88.6125,29.575,127.68,
84,0.2144,1.943,0.0547,88.666,29.575,127.322,
85,0.2128,1.8256,0.3826,88.6857,29.574,127.0,
86,0.2095,2.4306,0.0547,88.4246,29.5649,127.68,
87,0.2145,1.8027,0.7106,88.8129,29.5621,127.322,
88,0.2128,2.2724,0.0547,88.4307,29.5588,127.0,
89,0.215,2.2151,0.0547,88.4504,29.5539,127.0,
90,0.2088,2.4156,-0.2732,88.6196,29.5577,127.68,
91,0.2137,2.979,0.0547,88.6059,29.5517,128.0,
92,0.2127,2.5539,0.0547,88.2846,29.5517,127.322,
93,0.2085,2.3525,0.0547,88.6243,29.5441,127.68,
94,0.2129,2.6978,0.0547,88.8356,29.5538,127.322,
95,0.2122,2.7433,0.0547,88.8702,29.5487,127.68,
96,0.2117,2.8296,0.0547,88.3251,29.5448,127.322,
97,0.2107,2.5784,0.0547,88.3045,29.5415,127.68,
98,0.2094,2.0589,0.0547,89.023,29.5297,127.322,
99,0.2118,2.673,0.0547,88.6904,29.5297,126.322,
100,0.2123,2.7825,0.0547,88.5352,29.5223,126.68,
101,0.2074,2.5504,0.0547,88.8565,29.5299,127.0,
102,0.2132,1.5028,0.0547,89.1021,29.521,126.322,
103,0.2102,2.86,0.0547,88.8982,29.523,127.361,
104,0.2107,0.9407,0.0547,88.9767,29.523,127.322,
105,0.2108,1.4224,0.0547,89.0273,29.5277,127.0,
106,0.2127,1.3193,0.3826,88.9913,29.5153,127.0,
107,0.2092,2.9457,0.7106,89.0607,29.5223,127.0,
108,0.2115,1.9307,0.0547,88.9869,29.5236,127.68,
109,0.2112,2.1648,0.3826,89.0575,29.5,127.322,
110,0.2095,2.0429,0.0547,89.126,29.5069,127.68,
111,0.2121,3.0889,0.0547,89.0444,29.4962,127.322,
112,0.2088,2.3104,0.0547,88.9867,29.4962,127.0,
113,0.2146,1.2922,0.7106,89.1206,29.511,127.68,
114,0.2132,1.8981,0.0547,89.0287,29.5088,128.0,
115,0.212,1.5446,0.0547,89.174,29.5088,127.322,
116,0.2116,3.0909,0.0547,89.2682,29.5142,127.0,
117,0.2103,1.826,0.3826,89.1897,29.5115,127.68,
118,0.2154,2.1185,0.0547,89.1733,29.5073,126.646,
119,0.2117,2.4116,0.3826,88.9961,29.5157,126.68,
120,0.2139,2.4779,0.0547,89.1617,29.502,127.68,
121,0.2097,1.9886,0.0547,89.136,29.499,127.0,
122,0.2151,1.681,0.0547,89.2008,29.499,127.68,
123,0.2116,2.0811,-0.6011,89.0695,29.5085,127.322,
124,0.2102,2.2589,-0.2732,89.1962,29.4996,127.0,
125,0.2138,2.4788,-0.2732,89.2974,29.5028,127.0,
126,0.2125,2.6191,0.3826,89.2854,29.4981,127.0,
127,0.2127,1.1498,-0.2732,89.039,29.4918,127.0,
128,0.2106,2.5859,0.3826,89.1941,29.4882,127.0,
129,0.2142,0.9136,0.3826,89.2904,29.4963,127.68,
130,0.2127,2.7488,0.3826,89.2537,29.4963,127.322,
131,0.214,2.801,0.0547,89.1743,29.4877,127.68,
132,0.2148,2.4034,0.0547,89.1781,29.4826,127.322,
133,0.2087,2.56,0.3826,89.219,29.4848,126.322,
134,0.2136,2.7026,-0.2732,89.0742,29.4914,127.361,
135,0.2103,2.4978,-0.2732,88.7817,29.4785,127.322,
136,0.2113,1.2216,-0.2732,89.2706,29.4811,127.0,
137,0.213,1.1887,0.0547,89.2345,29.4941,126.322,
138,0.2127,2.7771,0.0547,89.2519,29.5032,126.68,
139,0.2112,2.8083,0.0547,89.1159,29.5032,127.0,
140,0.2111,2.8174,0.3826,89.2263,29.5042,127.68,
141,0.2112,2.7494,0.3826,88.6546,29.4991,127.322,
142,0.2129,2.7302,0.3826,88.3434,29.5077,127.0,
143,0.2119,2.9954,0.0547,88.5988,29.5082,128.361,
144,0.2098,2.6293,0.0547,88.4587,29.5196,126.971,
145,0.2102,2.7455,0.3826,88.5007,29.5328,126.68,
146,0.2132,2.6777,0.0547,88.5278,29.5416,127.68,
147,0.2122,2.8243,0.0547,88.8478,29.5416,126.646,
148,0.2116,2.1754,0.3826,88.5353,29.5535,126.68,
149,0.2107,2.7997,0.0547,88.4778,29.554,127.0,
150,0.2115,2.6931,0.0547,88.6872,29.5754,127.68,
151,0.2091,2.4366,0.0547,88.6698,29.574,127.322,
152,0.21,2.5698,0.3826,88.6762,29.5862,127.0,
153,0.2094,3.0689,0.0547,88.5661,29.5982,127.68,
154,0.2086,2.5054,0.0547,88.5656,29.5982,127.322,
155,0.2123,2.961,0.0547,88.681,29.5998,127.68,
156,0.2101,2.1322,0.0547,88.647,29.6022,128.0,
157,0.2107,2.0608,0.0547,88.634,29.6151,127.322,
158,0.212,2.2584,0.3826,88.5344,29.6105,127.0,
159,0.212,2.6719,0.0547,88.5703,29.6223,127.0,
160,0.2124,1.6941,0.0547,88.5348,29.617,127.0,
161,0.2127,1.4057,0.0547,88.5598,29.617,126.322,
162,0.2115,1.5076,0.3826,88.706,29.6217,126.68,
163,0.2079,1.76,0.3826,88.5732,29.6323,127.0,
164,0.211,2.8479,0.0547,88.7377,29.6285,126.322,
165,0.2114,2.8904,0.0547,88.54,29.6388,127.361,
166,0.2128,2.5697,0.3826,88.4198,29.6349,127.322,
167,0.2115,2.8592,0.3826,88.7078,29.6363,127.0,
168,0.2125,1.8447,0.3826,88.4253,29.6363,127.68,
169,0.2097,2.7696,-0.2732,88.4149,29.631,127.322,
170,0.2106,2.6723,0.0547,88.6243,29.6257,127.68,
171,0.2127,1.9129,0.0547,88.4532,29.6206,127.322,
172,0.2098,1.8151,0.0547,88.3181,29.6238,127.0,
173,0.213,1.8815,0.0547,88.4996,29.6204,127.68,
174,0.2101,2.6989,0.3826,88.4369,29.6157,126.646,
175,0.2091,2.022,0.3826,88.5031,29.6157,126.68,
176,0.2126,2.4811,0.3826,88.6456,29.6148,127.68,
177,0.2131,2.2915,0.7106,88.3784,29.6203,126.645,
178,0.2132,2.1333,0.0547,88.5168,29.6091,127.362,
179,0.2105,2.2788,0.0547,88.5431,29.6064,128.0,
180,0.2105,2.3079,0.0547,88.5805,29.606,127.322,
181,0.2128,2.1456,0.0547,88.4866,29.606,127.0,
182,0.2096,2.153,0.0547,88.493,29.5868,127.0,
183,0.2125,2.1927,0.3826,89.0129,29.6002,127.0,
184,0.2118,2.444,-0.6011,88.9076,29.5861,127.0,
185,0.2125,2.9235,0.0547,88.8777,29.582,127.0,
186,0.2131,2.3325,0.0547,89.097,29.5889,127.0,
187,0.213,2.5095,0.0547,89.069,29.5782,127.68,
188,0.2114,2.2466,0.0547,89.1683,29.5782,128.0,
189,0.2118,2.645,0.0547,88.9849,29.5806,128.0,
190,0.2135,2.488,0.0547,88.9393,29.5689,127.322,
191,0.2122,2.5714,0.0547,88.8204,29.5678,127.68,
192,0.2113,2.0949,0.0547,89.1444,29.5813,127.322,
193,0.2095,2.5008,0.0547,88.8182,29.576,127.68,
194,0.2111,2.5877,0.0547,88.9881,29.5706,128.0,
195,0.2127,1.97,0.0547,88.8301,29.5706,127.68,
196,0.2124,2.8558,0.0547,89.0664,29.5727,128.0,
197,0.2124,2.6836,0.0547,88.9104,29.5669,127.322,
198,0.2092,1.8663,0.0547,88.9686,29.5718,127.0,
199,0.211,1.7699,0.0547,88.9121,29.5723,127.0,
200,0.2094,2.7627,0.0547,89.1302,29.5668,127.0,
201,0.2136,2.848,0.0547,89.3844,29.5746,127.68,
202,0.213,1.8436,0.0547,89.1828,29.5746,126.645,
203,0.2116,1.4409,0.0547,89.3836,29.5718,127.362,
204,0.2099,2.3556,-0.2732,89.3055,29.5646,127.322,
205,0.2101,3.0835,0.0547,89.3803,29.5538,127.0,
206,0.2135,2.4925,0.3826,89.1175,29.5701,127.0,
207,0.2124,2.537,0.0547,89.1725,29.5572,126.322,
208,0.2136,2.5632,0.0547,89.0037,29.5742,127.362,
209,0.2117,2.6397,0.3826,89.1517,29.5614,128.0,
210,0.2123,2.7027,0.3826,89.0858,29.5614,127.322,
211,0.2135,2.4873,0.0547,88.6512,29.5635,127.0,
212,0.2084,2.5129,0.0547,89.1533,29.5589,127.0,
213,0.2122,1.5871,0.0547,88.5549,29.5516,127.68,
214,0.2148,2.7407,0.7106,89.2224,29.5522,127.0,
215,0.2123,2.7191,0.0547,88.65,29.5663,127.0,
216,0.2094,2.0798,0.0547,88.6051,29.559,127.0,
217,0.2123,2.7776,0.3826,88.6429,29.5525,128.362,
218,0.2116,1.8193,0.0547,89.0878,29.5465,127.645,
219,0.2146,2.7214,0.0547,88.8578,29.5465,127.68,
220,0.2127,1.8218,-0.2732,88.9277,29.5539,127.322,
221,0.2125,2.9117,-0.2732,88.5273,29.5539,127.68,
222,0.215,2.1277,0.0547,88.9201,29.5621,128.0,
223,0.2106,2.0394,0.0547,88.6887,29.565,127.322,
224,0.2142,2.5302,0.3826,88.6748,29.558,127.68,
225,0.2144,2.7342,0.3826,88.4582,29.5699,127.322,
226,0.2146,3.024,0.3826,88.6442,29.5699,128.362,
227,0.212,2.4274,0.0547,88.5775,29.5731,127.645,
228,0.2105,2.5677,0.0547,88.5741,29.5635,127.0,
229,0.2134,2.6738,0.0547,88.5375,29.5635,126.322,
230,0.2127,2.4069,0.0547,88.5593,29.5711,127.362,
231,0.2116,2.724,0.0547,88.5612,29.5655,128.0,
232,0.2113,3.0123,-0.6011,88.5574,29.5706,126.322,
233,0.212,2.8404,0.0547,88.6144,29.5558,126.68,
234,0.2102,2.3793,0.0547,88.5142,29.5606,127.0,
235,0.2111,3.1647,0.0547,88.4276,29.5653,127.68,
236,0.2113,2.4388,0.3826,88.6734,29.5649,127.322,
237,0.2126,2.5805,0.3826,88.7371,29.5649,127.0,
238,0.2136,2.71,0.0547,88.6089,29.5665,127.0,
239,0.2089,2.8114,0.0547,88.4253,29.5731,126.322,
240,0.2116,1.7904,0.0547,88.6291,29.5803,127.362,
241,0.2094,3.0025,0.0547,88.5482,29.5746,128.0,
242,0.2141,1.6781,-0.2732,88.6121,29.5747,127.322,
243,0.2095,1.6584,0.3826,88.4588,29.5848,127.0,
244,0.2117,2.7226,0.3826,88.3481,29.5848,127.68,
245,0.2116,2.4999,0.0547,88.4655,29.5909,127.322,
246,0.2083,2.5337,-0.2732,88.5895,29.5953,127.68,
247,0.2135,2.6894,0.0547,88.5096,29.5943,126.645,
248,0.2138,2.5315,0.0547,88.5287,29.5967,127.362,
249,0.2125,2.6984,-0.2732,88.3925,29.6013,127.322,
250,0.2107,2.9858,0.0547,88.9206,29.6013,126.68,
251,0.2125,2.6342,0.3826,88.8472,29.599,127.0,
252,0.2082,2.5307,0.3826,88.7385,29.5938,127.0,
253,0.2129,2.784,0.3826,89.0219,29.5938,127.0,
254,0.2136,1.7936,0.3826,88.9931,29.6065,127.0,
255,0.2135,2.6162,0.0547,88.5487,29.5972,127.0,
256,0.2137,1.4893,-0.2732,88.9774,29.6018,127.0,
257,0.2097,2.472,-0.6011,88.8987,29.6043,127.0,
258,0.2126,2.5728,0.0547,88.9415,29.595,127.0,
259,0.2116,2.5788,0.0547,88.8777,29.5991,127.68,
260,0.2139,2.686,0.0547,88.7965,29.5991,127.322,
261,0.2123,2.0921,0.0547,88.9601,29.588,127.68,
262,0.2099,2.7558,0.0547,88.9864,29.6063,127.322,
263,0.2131,2.2536,0.0547,89.0165,29.5966,127.0,
264,0.2138,1.8923,0.0547,89.0363,29.5931,127.0,
265,0.2144,2.1181,0.0547,88.9482,29.5897,127.0,
266,0.212,2.085,0.3826,89.0064,29.59,127.68,
267,0.2108,1.2298,0.3826,88.9595,29.5761,128.0,
268,0.2123,1.9829,0.3826,89.0232,29.5808,127.322,
269,0.2108,1.7834,0.3826,88.9781,29.5808,127.0,
270,0.2095,2.5401,0.0547,88.8948,29.5922,127.68,
271,0.2113,2.4209,0.7106,88.967,29.5893,127.322,
272,0.2113,1.8164,0.0547,89.0622,29.5849,127.68,
273,0.2118,2.4292,0.3826,88.9902,29.5841,127.0,
274,0.2103,1.8366,0.3826,89.0481,29.5683,127.0,
275,0.2116,3.0856,0.7106,89.041,29.5676,127.0,
276,0.2129,2.9611,0.0547,89.0523,29.5681,126.322,
277,0.2122,2.4764,0.0547,89.2001,29.5681,127.362,
278,0.2099,2.0734,0.0547,89.197,29.5723,128.0,
279,0.2111,2.6567,0.3826,89.2744,29.578,127.322,
280,0.2103,2.5754,0.0547,89.1474,29.568,127.0,
281,0.2116,2.4017,0.3826,89.1984,29.5641,127.68,
282,0.2114,2.207,0.0547,89.2275,29.5606,127.322,
283,0.2127,2.5764,0.3826,88.4881,29.5561,127.0,
284,0.2153,2.4177,0.0547,89.1572,29.5587,127.0,
285,0.2106,1.6972,0.0547,88.7858,29.5587,127.0,
286,0.2118,2.4075,0.0547,88.6804,29.5684,127.0,
287,0.2088,2.4915,0.3826,88.5915,29.5756,127.0,
288,0.2135,2.671,0.0547,88.6403,29.5739,127.0,
289,0.2108,2.456,0.0547,89.1141,29.5877,127.68,
290,0.2098,2.7498,0.0547,88.6596,29.5746,126.645,
291,0.2136,2.6747,1.0385,88.6459,29.5917,126.68,
292,0.2097,2.6705,0.0547,88.8211,29.587,127.0,
293,0.2123,2.8538,0.0547,88.8972,29.587,126.322,
294,0.2132,1.5048,0.0547,88.5593,29.5958,127.362,
295,0.2098,2.6195,0.0547,88.6461,29.5933,127.322,
296,0.2111,3.0226,0.0547,89.2329,29.5953,126.322,
297,0.2126,2.6025,0.7106,89.1278,29.5942,126.645,
298,0.2119,2.9363,0.3826,88.6651,29.5959,126.68,
299,0.2124,2.8307,0.0547,89.2277,29.5998,127.0,
300,0.2124,2.7072,0.0547,88.5396,29.5996,127.68,
301,0.2143,2.2805,0.0547,88.5997,29.5996,127.322,
302,0.2121,2.6633,0.0547,88.74,29.5943,127.0,
303,0.2106,2.801,0.0547,88.4615,29.589,127.68,
304,0.2083,2.9273,0.0547,88.68,29.5998,126.645,
305,0.2105,1.3959,0.0547,88.4756,29.6038,127.362,
306,0.2108,2.7015,0.0547,88.694,29.6006,126.645,
307,0.2115,2.6982,0.3826,88.5787,29.598,126.68,
308,0.2125,2.7809,0.3826,88.4584,29.598,127.68,
309,0.2144,2.9167,0.3826,88.4865,29.6009,127.322,
310,0.2135,2.7179,0.7106,88.5156,29.6045,127.68,
311,0.2103,2.3245,-0.2732,88.598,29.5964,126.645,
312,0.2142,2.5434,0.3826,88.6513,29.6088,127.362,
313,0.215,2.9022,0.0547,88.5356,29.5948,126.645,
314,0.2152,2.4001,-0.2732,88.5084,29.5973,126.68,
315,0.209,2.5552,0.3826,88.6882,29.6071,127.0,
316,0.2097,2.5802,0.3826,88.7566,29.6071,127.0,
317,0.2128,2.8798,-0.6011,88.6017,29.5999,128.362,
318,0.2113,2.606,0.0547,88.6223,29.6117,127.645,
319,0.2125,1.562,0.0547,88.3893,29.6022,126.322,
320,0.2105,2.7714,0.3826,88.5717,29.6073,126.68,
321,0.2114,2.7245,-0.2732,88.4577,29.5971,126.68,
322,0.2089,2.6812,0.0547,88.3504,29.5976,127.0,
323,0.2128,2.7116,0.0547,88.5899,29.5976,127.0,
324,0.2104,2.7156,-0.6011,88.5862,29.6011,127.0,
325,0.2121,2.6621,-0.2732,88.4818,29.5886,127.0,
326,0.2104,2.4871,0.7106,88.4487,29.5857,127.0,
327,0.2088,2.6943,0.0547,88.624,29.5901,127.0,
328,0.2103,2.6775,0.0547,88.4786,29.5856,127.68,
329,0.2105,2.6258,0.0547,88.7303,29.5808,128.0,
330,0.2145,2.5157,-0.2732,88.7972,29.5717,127.322,
331,0.2121,2.6647,-0.2732,88.4448,29.5717,127.0,
332,0.2114,2.6379,0.3826,88.3062,29.572,127.0,
333,0.2134,2.9355,0.0547,88.6385,29.5659,126.322,
334,0.2092,2.4446,0.3826,88.5113,29.5617,127.362,
335,0.2111,1.6462,0.0547,88.62,29.5671,127.322,
336,0.2121,2.7937,-0.6011,88.8674,29.5668,127.68,
337,0.2123,1.6961,0.0547,88.9235,29.559,128.0,
338,0.212,1.9735,0.0547,88.9046,29.5601,128.0,
339,0.2091,3.0288,0.3826,88.9891,29.564,127.322,
340,0.2113,1.9094,-0.2732,89.0115,29.5651,127.68,
341,0.2119,2.0612,-0.2732,89.0157,29.5651,126.645,
342,0.215,2.4723,0.3826,88.9646,29.5651,127.362,
343,0.21,2.3678,0.7106,89.0842,29.5679,128.0,
344,0.2116,2.1071,0.0547,88.9958,29.5677,128.68,
345,0.2086,2.3447,0.0547,88.8099,29.563,126.969,
346,0.212,2.1773,0.0547,89.1138,29.5661,127.362,
347,0.2105,3.1047,0.0547,88.9625,29.5689,126.645,
348,0.2111,2.8178,0.0547,88.9565,29.5689,127.362,
349,0.2128,2.3721,0.0547,88.9429,29.5685,127.321,
350,0.2079,3.1091,0.3826,89.2791,29.5734,127.68,
351,0.2127,2.1812,0.0547,89.05,29.5842,127.321,
352,0.2095,2.1151,0.0547,89.3107,29.5713,127.0,
353,0.2133,2.8597,0.0547,89.111,29.5838,128.362,
354,0.2083,2.7521,0.0547,88.9476,29.5818,126.969,
355,0.2109,2.6908,0.3826,89.0015,29.5802,127.362,
356,0.21,1.1373,0.3826,89.1097,29.5802,127.321,
357,0.2118,2.0961,0.3826,89.1322,29.5774,127.68,
358,0.214,1.9375,0.0547,88.7304,29.5804,127.321,
359,0.209,2.1049,0.3826,88.6915,29.5905,127.0,
360,0.2124,2.8957,0.0547,89.2623,29.5997,127.68,
361,0.2113,1.0564,0.0547,89.1042,29.6016,127.321,
362,0.207,2.7889,0.3826,89.2221,29.594,126.321,
363,0.2117,2.6786,0.3826,88.6425,29.594,126.68,
364,0.2137,1.3809,0.0547,88.6099,29.6019,127.0,
365,0.2117,2.6981,0.0547,88.5507,29.6011,127.0,
366,0.2121,2.6412,0.0547,88.5003,29.6039,127.0,
367,0.212,2.7223,0.3826,88.398,29.5939,127.0,
368,0.2086,2.6381,-0.2732,88.5696,29.5969,126.321,
369,0.2121,2.8235,0.0547,88.5486,29.5924,126.68,
370,0.2111,2.5566,0.3826,88.5418,29.5932,127.0,
371,0.2134,2.6922,0.3826,88.5188,29.5965,126.321,
372,0.2103,2.5729,0.0547,88.452,29.5965,126.68,
373,0.2091,2.497,0.0547,88.4128,29.5928,127.0,
374,0.214,2.5711,0.3826,88.4786,29.5902,127.0,
375,0.2085,2.444,0.3826,88.5795,29.5952,126.321,
376,0.2133,2.9613,0.3826,88.6576,29.5817,126.68,
377,0.2127,2.1149,0.3826,88.5396,29.5794,127.0,
378,0.2136,2.6871,0.0547,88.4383,29.5857,127.68,
379,0.2121,2.1053,0.0547,88.6094,29.5799,127.321,
380,0.2102,1.9216,0.0547,88.5215,29.5743,127.0,
381,0.2104,1.2837,0.0547,88.5454,29.5743,126.321,
382,0.21,1.8338,0.0547,88.5891,29.5828,127.362,
383,0.2116,2.1335,0.0547,88.4601,29.579,127.321,
384,0.2094,1.7538,0.0547,88.5316,29.5708,127.321,
385,0.2121,1.7445,0.3826,88.5159,29.5682,127.0,
386,0.2083,2.8067,0.0547,88.5382,29.5726,127.0,
387,0.2098,2.7388,-0.2732,88.5673,29.5719,127.0,
388,0.21,2.5644,-0.2732,88.6721,29.5719,126.321,
389,0.2114,2.6423,-0.2732,88.3198,29.5693,126.68,
390,0.2111,1.7351,0.0547,88.3804,29.5716,126.321,
391,0.2121,3.1225,0.3826,88.5638,29.5652,126.68,
392,0.2094,2.7924,0.0547,88.5549,29.5625,126.321,
393,0.2085,2.9004,0.0547,88.6418,29.5633,126.68,
394,0.2081,2.3997,-0.2732,88.5979,29.5638,126.321,
395,0.2127,1.8938,0.3826,88.5068,29.556,126.68,
396,0.2129,2.5939,0.3826,88.8308,29.565,126.321,
397,0.2108,2.78,0.3826,88.4663,29.565,126.0,
398,0.2081,3.1587,0.0547,88.4711,29.5487,126.68,
399,0.2127,2.5909,0.0547,88.9035,29.5617,127.0,
400,0.2079,1.8537,0.7106,88.8693,29.5484,127.0,
401,0.2086,2.7726,-0.2732,88.8602,29.5569,127.0,
402,0.2122,3.1772,0.0547,89.0894,29.5644,126.68,
403,0.2123,1.9559,0.0547,88.9497,29.5556,125.645,
404,0.21,3.0522,0.0547,88.312,29.5685,126.362,
405,0.211,2.6693,0.0547,88.8501,29.5685,127.0,
406,0.2101,2.7654,0.0547,88.591,29.5708,127.0,
407,0.2073,1.9274,0.0547,88.8234,29.5714,127.0,
408,0.2097,2.6043,0.0547,89.0415,29.5688,127.0,
409,0.2075,2.9234,0.0547,88.9639,29.5717,126.321,
410,0.2101,2.3057,0.0547,89.0132,29.5731,126.0,
411,0.2114,2.7945,0.3826,88.8218,29.5832,126.0,
412,0.2103,2.7925,0.0547,88.7585,29.5667,126.0,
413,0.2085,3.1902,0.0547,88.9917,29.5667,127.362,
414,0.2115,2.4204,0.0547,89.1213,29.5713,126.645,
415,0.2085,2.2877,0.3826,89.0127,29.5848,126.0,
416,0.2091,2.7191,0.0547,88.6856,29.5801,126.0,
417,0.2103,0.9337,0.0547,89.0162,29.5761,126.68,
418,0.2093,2.64,0.0547,88.8135,29.5843,126.321,
419,0.2121,2.401,0.0547,89.045,29.5765,126.68,
420,0.2098,2.2788,0.3826,89.0457,29.571,126.321,
421,0.2105,2.7775,0.3826,89.0797,29.5826,125.321,
422,0.211,2.4405,0.3826,89.1281,29.5826,126.321,
423,0.2093,0.9565,-0.2732,89.1077,29.5828,126.0,
424,0.2074,2.2823,0.3826,89.1916,29.5767,126.68,
425,0.2113,2.9914,0.3826,89.2813,29.5802,126.321,
426,0.2085,2.3147,0.3826,88.9071,29.5837,126.0,
427,0.2082,2.3192,0.0547,89.078,29.5887,126.0,
428,0.2094,2.8161,-0.2732,89.1111,29.5953,126.0,
429,0.2119,2.6492,-0.2732,89.2066,29.5953,126.0,
430,0.21,2.8015,-0.2732,89.1898,29.5972,126.0,
431,0.21,2.7452,0.0547,89.0971,29.6002,126.68,
432,0.2095,3.0522,0.0547,89.2007,29.5964,127.0,
433,0.2082,2.146,0.0547,88.9224,29.6077,126.321,
434,0.2085,2.6597,0.0547,89.0604,29.6044,126.68,
435,0.2116,3.1625,0.3826,88.5618,29.6096,126.321,
436,0.2105,3.1404,0.3826,89.0499,29.6096,125.321,
437,0.2091,2.7168,0.0547,89.2761,29.6071,126.362,
438,0.2113,2.9641,0.0547,88.642,29.6188,126.321,
439,0.2076,2.9385,-0.2732,89.2181,29.6184,126.0,
440,0.2067,2.8639,-0.2732,88.5223,29.6129,126.68,
441,0.2091,2.671,0.0547,88.5174,29.6203,127.0,
442,0.2089,2.9687,0.0547,88.4281,29.6202,125.645,
443,0.2108,3.0751,0.3826,88.4913,29.6147,126.362,
444,0.2086,2.694,0.3826,88.9826,29.6147,126.321,
445,0.2117,2.7311,0.7106,88.5088,29.6145,126.0,
446,0.2094,2.6159,0.0547,88.6041,29.6103,126.68,
447,0.2102,2.9113,-0.2732,88.543,29.6177,126.321,
448,0.2071,2.1996,0.0547,88.5342,29.6099,126.0,
449,0.2107,2.7394,0.0547,88.5122,29.6162,126.0,
450,0.2085,2.2095,-0.2732,88.6403,29.6112,126.0,
451,0.2116,0.8878,0.0547,88.6449,29.6102,126.68,
452,0.2117,2.2949,0.0547,88.5947,29.6102,126.321,
453,0.2069,2.7462,0.3826,88.4471,29.6255,126.0,
454,0.2079,2.7026,0.0547,88.5173,29.6083,126.68,
455,0.2088,2.6357,-0.2732,88.5252,29.6078,126.321,
456,0.2105,2.4581,0.0547,88.5179,29.6168,126.68,
457,0.2105,2.8779,0.0547,88.5387,29.6066,126.321,
458,0.2114,2.5133,0.0547,88.4659,29.6048,126.68,
459,0.211,2.463,0.3826,88.3161,29.611,126.321,
460,0.2105,2.5463,0.3826,88.6536,29.611,126.68,
461,0.2111,2.5177,0.0547,88.5404,29.6015,126.321,
462,0.209,1.0512,0.3826,88.542,29.6107,126.0,
463,0.2086,2.4567,0.0547,88.5615,29.6093,126.68,
464,0.2051,0.9237,0.3826,88.5402,29.6124,127.0,
465,0.2112,2.467,0.3826,88.2351,29.6153,126.321,
466,0.2121,2.8751,0.0547,88.3531,29.608,126.0,
467,0.2105,1.7841,0.3826,88.2629,29.6079,126.68,
468,0.2095,2.5126,0.0547,88.4174,29.609,125.645,
469,0.211,2.6141,0.0547,88.4109,29.609,127.046,
470,0.2071,2.8777,-0.6011,88.2827,29.6103,127.321,
471,0.2095,2.8502,0.0547,88.7914,29.6089,126.321,
472,0.209,2.592,0.3826,88.6664,29.6018,126.68,
473,0.2123,2.3782,0.3826,88.6684,29.6119,127.0,
474,0.2089,2.2279,0.0547,88.48,29.5955,126.321,
475,0.2112,3.1191,0.0547,88.4733,29.5921,126.68,
476,0.2096,2.7318,0.0547,88.4613,29.593,127.0,
477,0.2103,1.0674,0.0547,88.4047,29.593,127.0,
478,0.2099,2.7447,0.0547,88.7839,29.5949,127.0,
479,0.2078,2.8371,0.0547,88.8282,29.5822,127.0,
480,0.2101,3.0002,0.0547,88.7739,29.5828,127.0,
481,0.2091,2.9943,0.0547,88.5841,29.5807,127.68,
482,0.2101,2.8916,0.3826,88.8852,29.5864,126.645,
483,0.2088,0.9218,0.3826,88.7847,29.5741,126.68,
484,0.2081,2.7337,0.0547,88.9907,29.5679,126.321,
485,0.2075,2.6059,-0.2732,88.9691,29.57,126.321,
486,0.2112,2.7361,-0.2732,89.0412,29.5774,126.68,
487,0.2064,2.6821,-0.2732,88.9368,29.5774,126.321,
488,0.2113,2.6866,0.0547,89.003,29.5672,127.362,
489,0.2084,2.1284,0.0547,89.0193,29.557,127.321,
490,0.2098,2.6331,0.3826,88.9849,29.5483,127.0,
491,0.2104,2.2181,0.3826,88.9646,29.5624,127.0,
492,0.2076,2.145,0.0547,89.0083,29.5549,127.68,
493,0.2084,1.9024,0.0547,89.0059,29.5495,127.321,
494,0.2088,3.0686,-0.2732,88.9458,29.5691,127.0,
495,0.2095,2.205,0.3826,88.9006,29.5517,127.0,
496,0.2095,2.0791,0.3826,88.9739,29.5517,127.68,
497,0.2103,1.9714,0.0547,88.9252,29.5417,126.645,
498,0.2116,1.7907,0.0547,89.0299,29.5412,126.68,
499,0.2068,2.2258,0.0547,89.0282,29.5508,127.0,
500,0.2099,2.0736,0.0547,88.8919,29.542,127.0,
501,0.2071,1.1765,0.0547,88.959,29.5444,127.68,
502,0.2093,2.3826,0.0547,88.907,29.5441,127.321,
503,0.2121,2.4323,0.0547,88.9149,29.5433,127.0,
504,0.2092,2.479,0.0547,89.0767,29.5433,127.0,
505,0.2075,2.3595,0.0547,89.2235,29.5364,126.321,
506,0.2107,2.768,0.3826,88.9134,29.5314,127.363,
507,0.2088,2.6455,0.0547,88.9283,29.5337,127.321,
508,0.2084,2.5592,-0.2732,89.1943,29.5237,126.321,
509,0.2103,2.9193,0.0547,89.2517,29.5433,126.681,
510,0.2095,2.6064,0.3826,89.1892,29.5342,126.321,
511,0.2111,2.7293,0.3826,88.53,29.5369,126.681,
512,0.2101,2.7811,0.3826,89.0298,29.5369,127.0,
513,0.2119,2.6312,0.0547,88.5506,29.5356,127.0,
514,0.2078,2.6871,0.3826,89.182,29.5371,127.0,
515,0.2072,2.9035,0.0547,88.8361,29.5375,127.0,
516,0.2096,2.875,0.3826,88.8131,29.5349,126.321,
517,0.2097,2.7462,0.0547,88.7943,29.5276,126.681,
518,0.2102,0.9579,-0.2732,88.4635,29.5335,127.681,
519,0.2103,2.5051,-0.2732,88.5035,29.5268,128.0,
520,0.2093,3.0641,0.0547,88.5028,29.5268,126.644,
521,0.2071,2.4775,-0.2732,88.5487,29.5333,127.363,
522,0.2076,2.9856,0.0547,88.5672,29.545,127.321,
523,0.2102,2.1771,0.0547,88.565,29.5338,127.0,
524,0.21,2.605,-0.2732,88.4615,29.5447,127.0,
525,0.2093,2.222,0.0547,88.4694,29.5461,127.0,
526,0.2098,1.9704,0.0547,88.5167,29.5461,127.321,
527,0.2063,2.1346,-0.2732,88.46,29.5416,127.681,
528,0.2086,1.5395,0.3826,88.3548,29.5414,127.321,
529,0.2076,1.9512,0.0547,88.5612,29.5471,127.0,
530,0.2097,2.7623,0.3826,88.5398,29.5394,127.0,
531,0.2087,2.5402,0.3826,88.5006,29.5553,127.0,
532,0.2091,2.2076,0.0547,88.5928,29.5508,127.0,
533,0.2072,2.8233,0.0547,88.2282,29.5463,126.321,
534,0.2062,2.6602,0.3826,88.4703,29.5648,126.681,
535,0.2084,2.099,0.3826,88.392,29.5648,127.0,
536,0.2101,2.5417,-0.2732,88.3412,29.5535,126.321,
537,0.2078,2.2534,-0.2732,88.2683,29.5609,126.681,
538,0.2104,2.3523,0.0547,88.572,29.552,127.0,
539,0.2068,2.514,0.0547,88.3249,29.5628,127.0,
540,0.2098,3.0004,0.0547,88.4094,29.5684,127.0,
541,0.2094,2.5117,0.0547,88.2555,29.5684,126.321,
542,0.2081,2.3998,-0.6011,88.541,29.5689,126.681,
543,0.2069,2.6621,0.3826,88.4221,29.5646,127.0,
544,0.2072,2.6637,0.0547,88.4407,29.5705,127.0,
545,0.2094,2.7568,0.0547,88.4803,29.5671,127.681,
546,0.2107,2.7281,0.0547,88.5467,29.5714,126.644,
547,0.2094,2.8526,0.3826,88.3392,29.5724,127.363,
548,0.2085,2.9503,0.3826,88.9216,29.5724,127.321,
549,0.2102,2.7836,0.0547,89.0214,29.5733,127.0,
550,0.2054,2.9338,0.0547,88.9646,29.566,127.0,
551,0.2081,2.6157,0.0547,88.8684,29.5728,126.321,
552,0.2096,2.4559,0.0547,88.8197,29.5748,126.681,
553,0.2094,2.1599,-0.2732,88.9309,29.578,127.0,
554,0.2076,2.1671,0.0547,88.9161,29.5836,127.0,
555,0.2092,2.6844,0.0547,88.783,29.5836,127.0,
556,0.2084,2.58,0.0547,88.9538,29.5789,126.321,
557,0.2077,2.5463,-0.2732,89.0933,29.5753,126.681,
558,0.2084,2.721,0.0547,88.9542,29.5768,127.0,
559,0.2092,2.0491,0.0547,88.8485,29.5761,127.0,
560,0.2103,2.3454,-0.2732,88.819,29.5732,127.0,
561,0.2094,0.9929,-0.2732,88.9573,29.5712,127.681,
562,0.2083,2.3303,-0.2732,88.9044,29.5712,127.321,
563,0.209,2.1766,0.0547,89.0309,29.568,127.0,
564,0.2068,2.6152,-0.2732,89.0048,29.5733,127.0,
565,0.2108,2.7818,0.7106,88.9798,29.5536,127.681,
566,0.2087,2.3413,0.0547,89.0834,29.5679,127.321,
567,0.2127,1.1907,0.0547,88.9255,29.5574,128.363,
568,0.2097,2.7288,-0.2732,89.028,29.5526,127.644,
569,0.2088,2.2536,0.3826,88.9011,29.5527,127.0,
570,0.191,2.786,-0.6011,89.0173,29.5527,126.321,
571,0.2058,2.7444,-0.2732,88.8407,29.564,126.681,
572,0.2085,2.8,-0.2732,88.7928,29.564,126.321,
573,0.2257,2.6772,0.0547,88.8769,29.5506,126.681,rotor_imbalance
574,0.2704,2.8753,0.0547,88.9753,29.5666,127.0,rotor_imbalance
575,0.2689,2.543,0.3826,89.2882,29.5488,127.0,rotor_imbalance
576,0.2718,1.9747,0.3826,89.1583,29.5584,127.0,rotor_imbalance
577,0.2748,2.6374,0.3826,89.0218,29.5486,127.0,rotor_imbalance
578,0.283,2.7264,0.0547,88.5342,29.5461,127.681,rotor_imbalance
579,0.2896,3.1527,0.3826,88.5984,29.5585,127.321,rotor_imbalance
580,0.3007,1.0682,0.3826,88.4326,29.5585,127.681,rotor_imbalance
581,0.3063,2.9389,-0.2732,88.7107,29.5547,127.321,rotor_imbalance
582,0.3098,2.6347,0.0547,88.6571,29.5629,127.0,rotor_imbalance
583,0.3118,1.1248,0.0547,89.2365,29.5547,127.0,rotor_imbalance
584,0.328,2.7814,0.0547,88.7235,29.556,127.0,rotor_imbalance
585,0.3485,2.4626,0.3826,89.0591,29.5533,126.321,rotor_imbalance
586,0.3624,1.1492,0.3826,88.4147,29.5609,126.681,rotor_imbalance
587,0.3741,2.3995,0.3826,88.3652,29.5525,127.0,rotor_imbalance
588,0.378,1.1675,0.0547,89.0157,29.5676,127.0,rotor_imbalance
589,0.3874,2.9587,0.0547,88.7187,29.5676,127.0,rotor_imbalance
590,0.3915,2.6153,0.0547,88.7383,29.5621,126.681,rotor_imbalance
591,0.392,2.3219,0.0547,89.1795,29.5589,127.0,rotor_imbalance
592,0.3799,2.9407,0.0547,88.4648,29.5624,127.0,rotor_imbalance
593,0.3756,2.6274,0.3826,88.3327,29.5691,126.321,rotor_imbalance
594,0.3698,1.9995,0.3826,88.5385,29.5638,126.681,rotor_imbalance
595,0.3752,2.1751,0.0547,88.362,29.56,127.0,rotor_imbalance
596,0.3755,1.3792,0.0547,88.4806,29.558,127.0,rotor_imbalance
597,0.3891,1.8972,0.0547,88.5782,29.558,126.321,rotor_imbalance
598,0.3855,2.3847,-0.9291,88.457,29.562,127.363,rotor_imbalance
599,0.3965,1.8649,0.0547,88.3542,29.5634,126.644,rotor_imbalance
600,0.4006,1.0907,0.0547,88.425,29.5663,126.681,rotor_imbalance
601,0.404,2.689,0.3826,88.4068,29.5672,127.0,rotor_imbalance
602,0.4092,2.2114,0.0547,88.4301,29.5652,127.0,rotor_imbalance
603,0.4072,1.9724,0.3826,88.3049,29.5661,126.321,rotor_imbalance
604,0.4077,1.9168,0.3826,88.3313,29.5572,126.681,rotor_imbalance
605,0.407,2.8691,0.3826,88.4329,29.5572,127.0,rotor_imbalance
606,0.41,1.8663,0.0547,88.3036,29.5677,127.681,rotor_imbalance
607,0.4061,1.903,0.0547,88.3403,29.5531,127.321,rotor_imbalance
608,0.4075,1.8925,0.0547,88.5067,29.5564,127.0,rotor_imbalance
609,0.4103,2.3646,0.0547,88.452,29.5601,127.681,rotor_imbalance
610,0.4108,1.3282,0.0547,88.4216,29.5603,126.644,rotor_imbalance
611,0.41,2.111,0.0547,88.3226,29.556,126.681,rotor_imbalance
612,0.4147,2.2037,-0.2732,88.3513,29.5639,127.681,rotor_imbalance
613,0.4159,2.0743,-0.2732,88.3844,29.5639,127.321,rotor_imbalance
614,0.4137,2.0341,0.0547,88.2344,29.5587,127.681,rotor_imbalance
615,0.4155,2.8009,-0.2732,88.3343,29.5604,126.644,rotor_imbalance
616,0.4127,2.2858,0.3826,88.3392,29.5576,127.363,rotor_imbalance
617,0.4246,2.3242,0.0547,88.6241,29.5598,125.969,rotor_imbalance
618,0.4498,2.6775,0.3826,88.5755,29.5701,126.363,rotor_imbalance
619,0.4642,2.6051,0.0547,88.5276,29.5648,126.321,rotor_imbalance
620,0.4605,2.7285,0.3826,88.2937,29.5711,126.681,rotor_imbalance
621,0.4634,2.7052,0.3826,88.5947,29.5711,126.321,rotor_imbalance
622,0.4728,2.7569,0.0547,88.3643,29.5563,126.0,rotor_imbalance
623,0.4878,1.5113,-0.2732,88.2685,29.5676,126.0,rotor_imbalance
624,0.508,2.8312,0.0547,88.8828,29.5727,126.681,rotor_imbalance
625,0.5173,1.2894,-0.2732,88.414,29.5603,127.0,rotor_imbalance
626,0.5307,2.8379,0.0547,88.32,29.564,127.0,rotor_imbalance
627,0.538,1.2038,0.3826,88.6959,29.5683,126.321,rotor_imbalance
628,0.5422,2.6572,0.3826,88.4458,29.5683,126.0,rotor_imbalance
629,0.551,2.6477,0.0547,88.8227,29.5718,126.681,rotor_imbalance
630,0.5838,2.6321,0.0547,88.6832,29.5791,126.0,rotor_imbalance
631,0.6027,2.2708,0.3826,88.816,29.5763,126.0,rotor_imbalance
632,0.628,2.8688,0.0547,88.5143,29.5775,126.681,rotor_imbalance
633,0.6392,2.8916,0.3826,88.698,29.5827,126.321,rotor_imbalance
634,0.6397,2.5873,0.3826,88.9071,29.5677,126.0,rotor_imbalance
635,0.641,2.7299,-0.2732,88.791,29.58,126.681,rotor_imbalance
636,0.6497,2.6748,0.3826,88.8124,29.5756,126.321,rotor_imbalance
637,0.6505,2.6659,0.0547,88.7981,29.5814,126.0,rotor_imbalance
638,0.6587,2.969,0.0547,88.775,29.5814,126.681,rotor_imbalance
639,0.6537,2.5626,0.3826,88.6453,29.5806,125.644,rotor_imbalance
640,0.6507,2.8498,0.0547,88.9293,29.5845,125.681,rotor_imbalance
641,0.6379,2.7221,0.0547,88.7979,29.5834,126.0,rotor_imbalance
642,0.6332,2.5049,0.0547,88.8462,29.5853,126.681,rotor_imbalance
643,0.631,2.4382,0.0547,88.6307,29.5731,126.321,rotor_imbalance
644,0.6352,2.272,0.0547,88.6913,29.579,126.0,rotor_imbalance
645,0.6408,2.8225,0.3826,88.6463,29.5911,126.0,rotor_imbalance
646,0.646,2.8249,0.3826,88.8317,29.5849,125.321,rotor_imbalance
647,0.6407,2.7955,0.3826,88.7786,29.5927,125.681,rotor_imbalance
648,0.6482,2.7113,0.3826,88.7813,29.5927,126.0,rotor_imbalance
649,0.6413,1.8874,0.0547,88.8208,29.5964,126.0,rotor_imbalance
650,0.6448,2.1687,0.0547,88.7199,29.5881,126.0,rotor_imbalance
651,0.642,3.1784,0.0547,88.9805,29.5972,126.0,rotor_imbalance
652,0.6454,2.8143,0.0547,89.0642,29.5909,126.0,rotor_imbalance
653,0.6455,2.6748,0.0547,88.7317,29.5873,126.0,rotor_imbalance
654,0.6396,2.3406,0.3826,88.8489,29.5984,126.681,rotor_imbalance
655,0.642,3.2074,0.0547,89.0109,29.5933,125.644,rotor_imbalance
656,0.6393,1.8989,0.0547,88.8569,29.5974,126.363,rotor_imbalance
657,0.6389,2.17,0.0547,89.1313,29.5974,126.321,rotor_imbalance
658,0.6382,2.3241,0.3826,88.6391,29.6006,126.0,rotor_imbalance
659,0.6399,2.0149,0.3826,89.0649,29.6076,126.681,rotor_imbalance
660,0.6372,2.8736,0.0547,88.9153,29.5974,125.644,rotor_imbalance
661,0.6446,2.2527,0.0547,88.6911,29.606,125.681,rotor_imbalance
662,0.645,3.017,0.3826,88.4827,29.6198,125.321,rotor_imbalance
663,0.6501,2.57,0.3826,89.0092,29.6198,126.363,rotor_imbalance
664,0.6398,2.7054,0.0547,88.9401,29.6095,126.321,rotor_imbalance
665,0.6444,2.5616,0.3826,88.3512,29.6159,126.681,rotor_imbalance
666,0.6404,2.7393,0.0547,88.7669,29.6178,125.644,rotor_imbalance
667,0.6419,2.6467,0.0547,88.9201,29.6256,126.0,rotor_imbalance
668,0.6376,2.6922,0.3826,88.3145,29.6319,126.0,rotor_imbalance
669,0.639,3.0491,0.0547,89.0031,29.6251,126.0,rotor_imbalance
670,0.6385,2.5489,0.7106,88.9182,29.6297,125.321,rotor_imbalance
671,0.6371,2.7185,0.7106,88.2657,29.6297,126.363,rotor_imbalance
672,0.6408,1.8294,0.3826,88.4716,29.6354,126.321,rotor_imbalance
673,0.6417,2.7396,0.0547,88.7224,29.6244,126.681,rotor_imbalance
674,0.6415,2.1558,0.0547,88.6465,29.6271,126.321,rotor_imbalance
675,0.644,3.0009,0.0547,88.7699,29.6391,125.321,rotor_imbalance
676,0.6419,2.6433,0.0547,88.2338,29.6334,126.363,rotor_imbalance
677,0.6416,2.8805,0.0547,88.3885,29.6374,126.321,rotor_imbalance
678,0.6419,2.236,-0.2732,88.3979,29.6352,125.321,rotor_imbalance
679,0.6449,1.1562,-0.2732,88.4451,29.627,125.681,rotor_imbalance
680,0.6373,2.7059,-0.2732,88.2884,29.627,126.0,rotor_imbalance
681,0.646,3.1478,0.0547,88.4003,29.6302,126.0,rotor_imbalance
682,0.6395,2.0903,0.0547,88.2524,29.6288,126.0,rotor_imbalance
683,0.645,1.0956,0.0547,88.236,29.635,125.321,rotor_imbalance
684,0.6352,2.2367,1.0385,88.3584,29.6279,125.0,rotor_imbalance
685,0.6414,2.0546,0.0547,88.468,29.6279,125.681,rotor_imbalance
686,0.6354,2.0726,0.0547,88.3028,29.6262,125.644,rotor_imbalance
687,0.6342,2.1214,0.0547,88.1684,29.6262,126.363,rotor_imbalance
688,0.6385,2.994,0.0547,88.3478,29.6239,126.321,rotor_imbalance
689,0.6377,2.144,0.3826,88.2033,29.6231,126.0,rotor_imbalance
690,0.6386,3.1145,0.0547,88.2577,29.6274,126.0,rotor_imbalance
691,0.6407,2.5877,0.0547,88.1297,29.6221,126.0,rotor_imbalance
692,0.641,2.8769,-0.2732,88.37,29.6147,126.0,rotor_imbalance
693,0.6432,2.0501,0.0547,88.2335,29.6215,126.0,rotor_imbalance
694,0.6389,2.1353,0.3826,88.2662,29.6235,126.0,rotor_imbalance
695,0.6435,2.2459,0.3826,88.4138,29.6235,126.0,rotor_imbalance
696,0.6399,2.682,0.0547,88.2683,29.6208,126.0,rotor_imbalance
697,0.6432,2.3178,0.3826,88.1832,29.6256,126.681,rotor_imbalance
698,0.6377,2.222,0.3826,88.2644,29.6153,125.644,rotor_imbalance
699,0.6353,2.3697,0.3826,88.2973,29.6172,126.363,rotor_imbalance
700,0.6372,2.1877,0.0547,88.2708,29.6195,126.321,rotor_imbalance
701,0.636,2.0271,0.0547,88.3038,29.615,126.0,rotor_imbalance
702,0.6376,2.2856,0.3826,88.1942,29.6186,126.0,rotor_imbalance
703,0.6397,2.4448,0.3826,88.0717,29.6186,126.0,rotor_imbalance
704,0.6368,2.9941,0.0547,88.332,29.6138,126.0,rotor_imbalance
705,0.6408,2.5962,0.3826,88.1269,29.6111,125.321,rotor_imbalance
706,0.6415,2.0486,0.7106,88.0434,29.6101,125.681,rotor_imbalance
707,0.6419,2.2409,0.0547,88.0804,29.613,126.0,rotor_imbalance
708,0.64,2.821,0.0547,88.2529,29.6198,126.321,rotor_imbalance
709,0.644,1.8772,0.0547,88.1132,29.6082,126.0,rotor_imbalance
710,0.6423,2.8215,0.0547,88.2865,29.6082,126.0,rotor_imbalance
711,0.6429,2.1354,0.3826,88.336,29.6129,126.0,rotor_imbalance
712,0.6404,2.0971,0.0547,88.3958,29.6168,125.321,rotor_imbalance
713,0.6419,2.5773,0.0547,88.1024,29.6039,125.681,rotor_imbalance
714,0.6344,2.0964,0.0547,88.4588,29.6079,126.0,rotor_imbalance
715,0.6364,2.5419,-0.2732,88.5062,29.6085,126.0,rotor_imbalance
716,0.6395,2.8718,0.0547,88.6467,29.5972,126.0,rotor_imbalance
717,0.6348,2.2381,0.0547,88.1818,29.5972,126.681,rotor_imbalance
718,0.6345,2.6562,0.0547,88.1781,29.6065,126.321,rotor_imbalance
719,0.638,2.2747,0.0547,88.6162,29.5938,126.681,rotor_imbalance
720,0.6352,2.5786,0.0547,88.6443,29.6036,125.644,rotor_imbalance
721,0.6394,2.1664,0.0547,88.6208,29.5989,125.681,rotor_imbalance
722,0.6393,1.9379,0.0547,88.6059,29.5928,126.0,rotor_imbalance
723,0.6432,2.9169,0.0547,88.6246,29.6,126.0,rotor_imbalance
724,0.6383,2.6028,0.0547,88.7657,29.6,126.0,rotor_imbalance
725,0.6409,1.9715,0.0547,88.7267,29.5938,125.321,rotor_imbalance
726,0.6422,1.9491,0.3826,88.7262,29.5887,127.048,rotor_imbalance
727,0.6398,2.8761,0.0547,88.7278,29.5988,126.644,rotor_imbalance
728,0.6363,2.5177,0.3826,88.6985,29.5908,126.0,rotor_imbalance
729,0.6375,2.1727,0.0547,88.7496,29.5973,126.681,rotor_imbalance
730,0.6405,3.1262,0.0547,88.7406,29.5918,127.0,rotor_imbalance
731,0.6376,2.6685,0.3826,88.6991,29.5998,126.321,rotor_imbalance
732,0.6349,2.3428,0.3826,88.8827,29.5998,126.0,rotor_imbalance
733,0.636,2.152,0.3826,88.8766,29.5982,125.681,rotor_imbalance
734,0.6352,2.9046,0.0547,88.8879,29.6004,126.0,rotor_imbalance
735,0.6408,2.2778,0.0547,88.9827,29.603,126.0,rotor_imbalance
736,0.6376,2.6837,0.0547,88.7625,29.613,125.321,rotor_imbalance
737,0.6438,2.3775,0.0547,88.7176,29.6172,126.363,rotor_imbalance
738,0.6396,2.6997,0.0547,88.7777,29.6041,127.0,rotor_imbalance
739,0.6429,2.6305,0.0547,88.8782,29.6041,126.321,rotor_imbalance
740,0.6437,2.5447,0.3826,88.6611,29.6236,125.321,rotor_imbalance
741,0.6408,2.5859,0.0547,88.768,29.6123,125.681,rotor_imbalance
742,0.6412,2.4352,0.0547,88.7628,29.6234,126.0,rotor_imbalance
743,0.6403,2.6614,0.0547,88.856,29.6243,126.0,rotor_imbalance
744,0.6415,2.6344,0.0547,88.7612,29.6333,126.681,rotor_imbalance
745,0.6357,2.7209,-0.2732,89.0342,29.6477,126.321,rotor_imbalance
746,0.6403,2.234,0.0547,88.9018,29.6516,126.0,rotor_imbalance
747,0.638,2.6165,0.0547,88.6764,29.6516,126.0,rotor_imbalance
748,0.6376,1.8515,0.3826,88.8374,29.6512,126.681,rotor_imbalance
749,0.64,1.9545,0.0547,88.3322,29.6501,126.321,rotor_imbalance
750,0.6365,3.055,0.0547,88.3107,29.6481,125.321,rotor_imbalance
751,0.6351,2.0945,0.3826,88.2168,29.6469,125.681,rotor_imbalance
752,0.6405,2.542,0.0547,88.9354,29.6562,126.0,rotor_imbalance
753,0.6393,2.5094,-0.2732,88.3136,29.6511,126.681,rotor_imbalance
754,0.6427,2.4013,0.3826,88.7977,29.6554,126.321,rotor_imbalance
755,0.6389,2.4701,0.0547,88.0451,29.6514,125.321,rotor_imbalance
756,0.6468,2.3617,0.0547,88.2105,29.6514,125.0,rotor_imbalance
757,0.6406,2.3582,-0.2732,88.1904,29.649,125.0,rotor_imbalance
758,0.6436,2.5862,0.0547,88.2218,29.656,125.681,rotor_imbalance
759,0.6358,2.5365,0.0547,88.1449,29.6514,125.321,rotor_imbalance
760,0.6382,2.5531,0.0547,88.3496,29.6589,125.681,rotor_imbalance
761,0.6353,2.5625,0.0547,88.1942,29.6531,125.321,rotor_imbalance
762,0.6331,2.7865,0.7106,88.3016,29.6526,126.363,rotor_imbalance
763,0.6376,2.6721,0.3826,88.4044,29.6544,125.644,rotor_imbalance
764,0.6422,2.8395,0.3826,88.3267,29.6544,125.681,rotor_imbalance
765,0.6381,2.495,0.0547,88.199,29.6454,125.321,rotor_imbalance
766,0.6464,2.803,0.0547,88.2227,29.6538,125.0,rotor_imbalance
767,0.6379,2.4311,-0.2732,88.0964,29.6367,125.681,rotor_imbalance
768,0.6428,2.2718,0.0547,88.0876,29.6395,126.681,rotor_imbalance
769,0.6418,2.2754,1.0385,88.1345,29.6528,126.321,rotor_imbalance
770,0.6432,1.9206,0.3826,88.2472,29.6401,125.321,rotor_imbalance
771,0.6389,3.0697,-0.2732,88.3777,29.6275,125.0,rotor_imbalance
772,0.6374,2.6956,0.0547,88.3035,29.6414,125.681,rotor_imbalance
773,0.6396,2.0787,0.0547,88.2243,29.6414,124.644,rotor_imbalance
774,0.6353,2.8106,0.3826,88.2462,29.6465,125.363,rotor_imbalance
775,0.6348,1.9361,0.3826,88.3806,29.6439,126.0,rotor_imbalance
776,0.635,1.5308,0.0547,88.3545,29.6295,125.321,rotor_imbalance
777,0.6358,2.24,0.0547,88.321,29.629,125.681,rotor_imbalance
778,0.6356,1.7698,0.0547,88.424,29.633,125.321,rotor_imbalance
779,0.6411,1.9583,-0.2732,88.3575,29.6312,125.681,rotor_imbalance
780,0.6404,2.3602,-0.2732,88.3134,29.6312,126.681,rotor_imbalance
781,0.6418,2.7552,0.0547,88.3895,29.6273,125.644,rotor_imbalance
782,0.64,2.8029,0.7106,88.1263,29.6226,125.0,rotor_imbalance
783,0.6331,2.3438,-0.2732,88.2083,29.6255,125.681,rotor_imbalance
784,0.6456,2.2843,-0.2732,88.2457,29.624,125.321,rotor_imbalance
785,0.6367,2.6866,0.3826,88.3361,29.626,125.0,rotor_imbalance
786,0.6438,2.7906,0.3826,88.212,29.6286,126.363,rotor_imbalance
787,0.6375,3.0884,-0.2732,88.2215,29.6253,125.644,rotor_imbalance
788,0.641,2.3998,-0.2732,88.1071,29.6253,125.681,rotor_imbalance
789,0.6385,2.4574,0.0547,88.3444,29.6249,126.0,rotor_imbalance
790,0.6356,3.0152,0.0547,88.2961,29.6192,126.681,rotor_imbalance
791,0.6353,2.3491,0.0547,88.4513,29.6282,126.321,rotor_imbalance
792,0.635,2.6682,0.0547,87.9924,29.6301,126.0,rotor_imbalance
793,0.6356,2.3114,0.0547,88.0315,29.6312,125.321,rotor_imbalance
794,0.6368,2.3499,0.0547,88.5375,29.6239,125.681,rotor_imbalance
795,0.6391,1.9691,0.3826,88.115,29.6266,125.321,rotor_imbalance
796,0.6379,1.9318,0.3826,88.4373,29.6111,125.681,rotor_imbalance
797,0.6406,1.8395,0.0547,88.5787,29.6163,126.0,rotor_imbalance
798,0.6397,1.858,0.0547,88.6038,29.6163,126.0,rotor_imbalance
799,0.6449,2.5267,-0.2732,88.644,29.6222,126.0,rotor_imbalance
800,0.6358,2.9261,-0.2732,88.3934,29.6196,125.321,rotor_imbalance
801,0.6439,2.6869,0.3826,88.7357,29.611,125.681,rotor_imbalance
802,0.6391,2.9245,0.0547,88.5336,29.6162,126.0,rotor_imbalance
803,0.6433,3.0181,0.0547,88.0406,29.6113,125.321,rotor_imbalance
804,0.6356,2.6621,0.3826,88.7135,29.615,125.681,rotor_imbalance
805,0.6364,2.8479,0.0547,88.7468,29.6147,126.0,rotor_imbalance
806,0.6372,2.7072,-0.6011,88.713,29.6134,125.321,rotor_imbalance
807,0.6357,2.8672,-0.6011,88.3253,29.6134,126.0,rotor_imbalance
808,0.639,2.5682,0.0547,88.2483,29.6229,126.0,rotor_imbalance
809,0.6343,2.6298,0.0547,88.2343,29.629,126.0,rotor_imbalance
810,0.6396,2.8672,0.0547,88.5144,29.624,126.0,rotor_imbalance
811,0.6395,3.1697,0.0547,88.5468,29.6329,126.0,rotor_imbalance
812,0.641,2.0536,0.3826,88.7397,29.6302,126.0,rotor_imbalance
813,0.6399,2.9518,-0.2732,88.6491,29.6318,126.0,rotor_imbalance
814,0.6432,1.9212,-0.2732,88.5628,29.6318,125.321,rotor_imbalance
815,0.6415,1.9149,0.0547,88.8411,29.629,125.681,rotor_imbalance
816,0.6384,2.4858,0.0547,88.5909,29.6341,126.681,rotor_imbalance
817,0.6405,1.9931,0.3826,88.5384,29.6289,125.644,rotor_imbalance
818,0.6364,2.1403,0.0547,88.5492,29.6324,126.363,rotor_imbalance
819,0.6399,2.6899,0.3826,88.7884,29.6355,126.321,rotor_imbalance
820,0.637,2.5577,0.0547,88.0069,29.635,126.0,rotor_imbalance
821,0.6356,2.9399,0.7106,88.6812,29.627,126.0,rotor_imbalance
822,0.6348,2.2976,0.7106,88.632,29.627,126.0,rotor_imbalance
823,0.6361,2.4282,0.3826,88.686,29.6376,126.0,rotor_imbalance
824,0.6351,3.0111,0.0547,88.6006,29.6359,126.0,rotor_imbalance
825,0.6408,2.7266,0.0547,88.933,29.6355,125.321,rotor_imbalance
826,0.64,2.0315,0.0547,88.8216,29.6286,125.681,rotor_imbalance
827,0.6416,2.6309,0.0547,88.7044,29.6327,125.644,rotor_imbalance
828,0.6384,3.1347,0.0547,88.7285,29.6352,125.681,rotor_imbalance
829,0.6444,2.3748,0.7106,88.7797,29.6215,125.321,rotor_imbalance
830,0.6406,2.7593,0.7106,88.6543,29.6215,125.681,rotor_imbalance
831,0.6403,1.7819,0.3826,88.6118,29.6415,126.0,rotor_imbalance
832,0.6354,2.8219,0.3826,88.8678,29.6336,126.681,rotor_imbalance
833,0.6378,2.7413,0.0547,88.6718,29.6431,125.644,rotor_imbalance
834,0.6347,2.756,0.3826,88.8909,29.6436,125.681,rotor_imbalance
835,0.6347,2.1884,0.3826,88.9546,29.6425,126.0,rotor_imbalance
836,0.6352,2.7608,-0.2732,88.5405,29.6383,126.681,rotor_imbalance
837,0.6392,1.6925,-0.2732,88.8796,29.6383,125.643,rotor_imbalance
838,0.6405,2.18,0.0547,88.0693,29.6437,125.681,rotor_imbalance
839,0.6428,2.6724,0.0547,88.6565,29.6425,126.0,rotor_imbalance
840,0.6392,2.7367,0.0547,88.2809,29.6403,126.0,rotor_imbalance
841,0.6434,2.5651,0.3826,88.1276,29.6359,126.681,rotor_imbalance
842,0.6425,2.1246,-0.6011,88.6983,29.6403,126.321,rotor_imbalance
843,0.6393,2.8495,0.0547,88.7647,29.6416,126.0,rotor_imbalance
844,0.6393,2.8498,0.0547,88.1862,29.6392,126.681,rotor_imbalance
845,0.6412,2.6744,0.0547,88.1697,29.6392,126.321,rotor_imbalance
846,0.6365,2.7054,0.0547,88.1768,29.6342,126.0,rotor_imbalance
847,0.6351,2.9813,-0.2732,88.1497,29.634,126.681,rotor_imbalance
848,0.6357,2.6205,0.0547,88.2083,29.6191,126.321,rotor_imbalance
849,0.6382,2.0829,0.0547,88.104,29.6286,126.0,rotor_imbalance
850,0.635,3.002,0.3826,88.2111,29.6317,126.0,rotor_imbalance
851,0.6426,2.7431,0.0547,88.2264,29.6299,125.321,rotor_imbalance
852,0.638,2.5841,0.0547,88.1802,29.6299,126.364,rotor_imbalance
853,0.6431,2.6485,0.0547,88.1697,29.6198,126.321,rotor_imbalance
854,0.6386,2.3088,0.0547,88.226,29.626,126.681,rotor_imbalance
855,0.6407,2.5607,0.0547,88.1984,29.635,125.643,rotor_imbalance
856,0.6435,2.8154,0.3826,88.1717,29.6287,125.681,rotor_imbalance
857,0.6395,2.5315,0.3826,88.3793,29.6227,126.681,rotor_imbalance
858,0.6403,2.4188,0.0547,88.1485,29.6185,126.321,rotor_imbalance
859,0.6378,2.8699,-0.2732,88.0311,29.6209,126.681,rotor_imbalance
860,0.6402,2.832,-0.2732,87.9931,29.6209,126.321,rotor_imbalance
861,0.6405,2.8205,0.0547,88.1323,29.6249,126.681,rotor_imbalance
862,0.6398,2.5168,0.3826,88.0861,29.6169,127.0,rotor_imbalance
863,0.6402,3.1312,0.0547,87.9902,29.6243,126.321,rotor_imbalance
864,0.6437,2.7811,-0.2732,87.9321,29.6245,126.0,rotor_imbalance
865,0.6454,2.6089,0.0547,87.9135,29.6206,126.0,rotor_imbalance
866,0.6441,2.8289,0.0547,88.4085,29.6164,126.0,rotor_imbalance
867,0.6513,2.6469,-0.2732,87.9955,29.6158,126.0,rotor_imbalance
868,0.6441,2.4841,-0.2732,88.4011,29.6158,126.0,rotor_imbalance
869,0.6457,2.4511,0.0547,88.1761,29.623,125.321,rotor_imbalance
870,0.6481,2.3413,0.3826,88.5373,29.6181,125.681,rotor_imbalance
871,0.6444,2.8985,0.3826,87.89,29.6256,126.0,rotor_imbalance
872,0.643,2.0909,0.0547,88.6127,29.615,125.321,rotor_imbalance
873,0.6456,2.522,-0.2732,87.9541,29.6141,125.681,rotor_imbalance
874,0.6433,2.6783,0.0547,88.354,29.6129,126.0,rotor_imbalance
875,0.6397,2.1839,0.0547,88.6906,29.6129,126.681,rotor_imbalance
876,0.639,2.6174,0.0547,88.5336,29.6152,126.321,rotor_imbalance
877,0.639,2.5117,0.0547,88.5705,29.6179,126.0,rotor_imbalance
878,0.64,2.4751,0.0547,88.6832,29.6124,126.0,rotor_imbalance
879,0.6373,2.5969,0.0547,88.5712,29.6251,125.321,rotor_imbalance
880,0.6459,2.5498,0.0547,88.6342,29.6225,126.364,rotor_imbalance
881,0.6408,2.8975,0.0547,88.7435,29.6349,126.321,rotor_imbalance
882,0.6478,2.4777,0.0547,88.7636,29.638,126.0,rotor_imbalance
883,0.6415,1.49,0.0547,88.5279,29.638,126.0,rotor_imbalance
884,0.649,2.4888,0.0547,88.8512,29.6341,126.0,rotor_imbalance
885,0.643,2.9948,0.0547,88.7464,29.63,126.0,rotor_imbalance
886,0.646,2.3088,-0.2732,88.8341,29.6388,126.0,rotor_imbalance
887,0.6423,1.4722,0.3826,88.7184,29.632,126.681,rotor_imbalance
888,0.6434,2.7112,0.3826,88.8277,29.6378,126.321,rotor_imbalance
889,0.637,3.006,0.3826,88.611,29.639,126.0,rotor_imbalance
890,0.6372,2.2866,0.3826,88.7679,29.639,126.0,rotor_imbalance
891,0.6393,2.7339,0.0547,88.758,29.6353,126.681,rotor_imbalance
892,0.6365,3.0886,0.3826,88.7197,29.6332,126.321,rotor_imbalance
893,0.6419,1.787,0.0547,88.7592,29.6234,126.0,rotor_imbalance
894,0.6414,2.4814,0.7106,88.6944,29.6315,126.681,rotor_imbalance
895,0.6427,2.6427,0.3826,88.8634,29.6381,126.321,rotor_imbalance
896,0.6445,1.8592,0.0547,88.2388,29.6334,126.681,rotor_imbalance
897,0.6369,3.0653,0.0547,88.8266,29.6334,126.321,rotor_imbalance
898,0.645,1.8484,0.0547,88.7216,29.6264,126.0,rotor_imbalance
899,0.6426,2.948,0.0547,88.6503,29.6309,126.0,rotor_imbalance
900,0.6437,2.488,0.7106,88.5769,29.6196,127.364,rotor_imbalance
901,0.6408,3.0952,0.0547,88.1626,29.625,126.643,rotor_imbalance
902,0.6384,3.1373,0.3826,88.641,29.6263,126.681,rotor_imbalance
903,0.637,2.8824,0.3826,88.1758,29.6255,126.321,rotor_imbalance
904,0.6378,2.62,0.0547,88.7943,29.6294,126.0,rotor_imbalance
905,0.6345,2.6218,0.0547,87.9946,29.6294,126.0,rotor_imbalance
906,0.6376,2.8836,0.0547,88.2908,29.6256,126.0,rotor_imbalance
907,0.6371,2.6697,-0.2732,88.682,29.6264,126.0,rotor_imbalance
908,0.635,2.8656,-0.2732,88.1131,29.6299,126.681,rotor_imbalance
909,0.6209,2.6579,0.3826,88.2475,29.6172,126.321,rotor_imbalance
910,0.6254,2.6361,0.0547,88.0968,29.6319,126.681,rotor_imbalance
911,0.6127,2.8805,0.0547,87.9521,29.6244,127.0,rotor_imbalance
912,0.6201,2.9224,0.0547,88.2197,29.6341,126.321,rotor_imbalance
913,0.6155,3.0623,-0.6011,88.1572,29.6341,126.681,rotor_imbalance
914,0.6104,2.3798,0.0547,88.0295,29.6322,126.321,rotor_imbalance
915,0.6138,3.0833,0.3826,88.0757,29.6328,126.0,rotor_imbalance
916,0.6192,2.3952,0.3826,88.027,29.6328,126.681,rotor_imbalance
917,0.6057,2.7324,0.0547,88.2369,29.622,125.643,rotor_imbalance
918,0.5823,2.6861,-0.2732,88.0993,29.6195,126.364,rotor_imbalance
919,0.5804,3.0021,0.3826,88.1182,29.6172,127.0,rotor_imbalance
920,0.5806,2.7969,0.0547,88.0124,29.6247,126.321,rotor_imbalance
921,0.5819,2.7348,0.0547,88.0188,29.6248,126.681,rotor_imbalance
922,0.56,3.1068,0.0547,87.9959,29.6208,127.0,rotor_imbalance
923,0.5402,2.5781,0.0547,88.2271,29.6208,126.321,rotor_imbalance
924,0.5309,2.9027,-0.2732,88.1824,29.6137,127.0,rotor_imbalance
925,0.5246,2.5495,0.3826,88.1053,29.6188,127.0,rotor_imbalance
926,0.5166,1.7908,-0.2732,88.1542,29.617,127.681,rotor_imbalance
927,0.5063,2.0606,0.3826,88.0085,29.6169,128.0,rotor_imbalance
928,0.5035,2.7074,-0.2732,88.0756,29.6318,127.321,rotor_imbalance
929,0.4962,1.9849,0.3826,88.017,29.6231,127.681,rotor_imbalance
930,0.48,2.6746,-0.2732,87.9428,29.6371,127.321,rotor_imbalance
931,0.468,3.0646,0.3826,88.1213,29.621,127.0,rotor_imbalance
932,0.4627,2.5807,0.3826,88.0053,29.621,126.321,rotor_imbalance
933,0.4739,2.3874,0.3826,87.9022,29.6217,126.681,rotor_imbalance
934,0.4724,2.099,0.0547,87.924,29.6243,127.0,rotor_imbalance
935,0.4665,2.5757,0.0547,88.1856,29.6219,126.321,rotor_imbalance
936,0.4558,2.2276,0.0547,88.0336,29.6265,126.681,rotor_imbalance
937,0.4508,2.7585,0.0547,88.0348,29.6285,127.0,rotor_imbalance
938,0.4385,1.9297,0.0547,88.1622,29.6253,127.0,rotor_imbalance
939,0.4289,2.7461,0.3826,87.9788,29.6222,127.681,rotor_imbalance
940,0.4216,2.3637,0.0547,88.3764,29.6234,126.643,rotor_imbalance
941,0.4114,2.1156,0.0547,88.0029,29.6234,126.681,rotor_imbalance
942,0.3994,2.4494,-0.2732,87.8898,29.621,127.321,rotor_imbalance
943,0.3942,2.155,0.3826,88.5409,29.6282,127.0,rotor_imbalance
944,0.3892,1.9886,-0.2732,88.4741,29.6243,127.0,rotor_imbalance
945,0.3832,2.0114,0.0547,88.1468,29.6256,127.0,rotor_imbalance
946,0.3735,2.6953,-0.2732,88.5184,29.6307,127.0,rotor_imbalance
947,0.3659,2.6538,0.0547,88.444,29.638,127.0,rotor_imbalance
948,0.3564,2.7107,0.0547,88.6182,29.6459,127.0,rotor_imbalance
949,0.3542,2.6934,0.0547,88.4696,29.6375,127.0,rotor_imbalance
950,0.3519,2.6246,0.0547,88.5092,29.6375,127.0,rotor_imbalance
951,0.345,2.119,0.0547,88.2103,29.6377,127.0,rotor_imbalance
952,0.3417,2.0109,-0.2732,88.6613,29.6323,127.681,rotor_imbalance
953,0.33,2.7015,0.3826,88.5944,29.6383,127.321,rotor_imbalance
954,0.3181,2.733,-0.2732,88.4772,29.6385,127.0,rotor_imbalance
955,0.3146,2.9812,0.0547,88.5391,29.6363,127.0,rotor_imbalance
956,0.3149,2.7012,-0.2732,88.7863,29.6441,127.0,rotor_imbalance
957,0.3077,2.5978,0.3826,88.6364,29.6311,126.321,rotor_imbalance
958,0.3052,1.8019,0.0547,88.5212,29.6438,126.681,rotor_imbalance
959,0.3027,2.1699,0.0547,88.528,29.6438,126.321,rotor_imbalance
960,0.3059,2.4201,0.0547,88.7339,29.6334,127.364,rotor_imbalance
961,0.2959,2.6789,-0.2732,88.451,29.6332,127.321,rotor_imbalance
962,0.2925,2.61,0.0547,88.5282,29.6388,126.321,rotor_imbalance
963,0.2877,1.1002,0.0547,88.6067,29.6381,127.321,rotor_imbalance
964,0.2852,2.557,0.3826,88.5603,29.6403,127.0,rotor_imbalance
965,0.2806,2.4392,0.3826,88.7187,29.6364,127.681,rotor_imbalance
966,0.2815,2.3253,0.3826,88.6515,29.6364,127.321,rotor_imbalance
967,0.2768,2.3739,0.0547,88.7039,29.6384,127.0,rotor_imbalance
968,0.2756,3.0764,0.0547,88.5913,29.635,127.681,rotor_imbalance
969,0.2705,1.4772,0.0547,88.6632,29.6291,127.321,rotor_imbalance
970,0.2674,2.276,0.0547,88.8409,29.6368,127.0,rotor_imbalance
971,0.2604,2.4699,0.7106,88.7115,29.629,127.0,rotor_imbalance
972,0.2569,2.149,-0.2732,88.6994,29.6354,127.0,rotor_imbalance
973,0.2484,2.9115,0.0547,88.5325,29.6358,127.0,rotor_imbalance
974,0.2174,2.3403,0.0547,88.6122,29.6358,127.681,rotor_imbalance
975,0.1882,2.6758,0.0547,88.7939,29.6326,127.321,
976,0.2166,2.1934,0.0547,88.8322,29.6267,127.0,
977,0.2222,2.5816,0.3826,88.5905,29.6272,127.681,
978,0.2182,2.6289,0.0547,88.1816,29.6341,127.321,
979,0.2214,3.0073,0.3826,88.3339,29.6293,127.0,
980,0.226,2.6396,0.0547,88.2532,29.6337,127.681,
981,0.2284,3.1302,0.0547,88.4912,29.6382,127.321,
982,0.223,2.7028,0.0547,88.7319,29.6268,127.0,
983,0.2192,2.8054,0.0547,88.7891,29.6268,127.0,
984,0.2211,2.5805,0.0547,88.7124,29.6347,127.681,
985,0.2202,1.6326,0.3826,88.8082,29.6396,127.0,
986,0.2188,1.6247,0.3826,88.4045,29.6375,127.681,
987,0.2206,2.5366,0.0547,88.3669,29.6273,128.0,
988,0.2197,3.0969,0.3826,88.9474,29.629,127.321,
989,0.2207,3.0513,0.0547,88.381,29.6294,127.0,
990,0.2197,2.3184,0.3826,88.073,29.6346,127.681,
991,0.2186,2.6367,-0.2732,88.0648,29.621,126.643,
992,0.22,2.0513,-0.2732,88.224,29.621,126.681,
993,0.2168,1.8755,0.3826,88.3323,29.6196,127.0,
994,0.22,1.318,0.3826,88.0444,29.6311,127.0,
995,0.2188,1.849,0.0547,88.0893,29.6128,126.321,
996,0.2201,2.776,0.3826,88.3329,29.6147,126.681,
997,0.2191,2.051,0.0547,88.1833,29.6195,126.321,
998,0.2174,2.6784,0.0547,88.1964,29.6122,126.681,
999,0.2204,1.7951,0.0547,88.2669,29.6172,126.32,
1000,0.2162,1.1434,0.0547,88.1816,29.6203,126.681,
1001,0.219,2.6756,0.0547,88.2469,29.6203,126.32,
1002,0.2193,2.4434,0.0547,88.365,29.6113,126.0,
1003,0.2181,2.4758,0.0547,88.3163,29.6211,126.681,
1004,0.216,2.566,0.3826,88.108,29.6201,127.0,
1005,0.2155,2.8807,0.0547,88.1671,29.6287,125.643,
1006,0.2163,2.7956,0.3826,88.2148,29.6265,126.32,
1007,0.2165,1.0403,0.0547,88.2574,29.6234,126.681,
1008,0.2162,2.7938,-0.2732,88.1458,29.6328,126.32,
1009,0.2182,2.9045,-0.2732,88.204,29.6328,126.681,
1010,0.216,2.6949,0.3826,87.893,29.6226,127.0,
1011,0.2185,2.8304,0.0547,88.0206,29.6279,127.0,
1012,0.2203,2.6307,0.0547,88.0436,29.629,127.0,
1013,0.2163,1.85,0.0547,88.618,29.6251,127.0,
1014,0.214,2.4522,0.3826,88.0708,29.6218,126.32,
1015,0.2165,1.9527,0.0547,88.1216,29.6231,126.681,
1016,0.2143,2.9161,0.0547,88.0719,29.6346,126.32,
1017,0.2139,1.9983,0.0547,88.2174,29.6346,126.681,
1018,0.2126,2.7293,0.0547,88.6817,29.6322,125.643,
1019,0.2164,2.4932,0.0547,88.6571,29.6294,125.681,
1020,0.2161,2.6663,0.7106,88.6572,29.6371,126.0,
1021,0.214,1.6816,0.7106,88.5302,29.6302,126.0,
1022,0.2137,2.6984,0.0547,88.7259,29.6409,126.0,
1023,0.2104,2.7338,0.7106,88.734,29.6415,126.681,
1024,0.2153,2.5508,0.3826,88.6654,29.6527,126.32,
1025,0.2131,2.7048,0.0547,88.5531,29.6526,126.681,
1026,0.2156,2.752,0.3826,88.7401,29.6503,126.32,
1027,0.2157,3.0693,0.0547,88.7629,29.6563,126.681,
1028,0.2127,1.9316,0.0547,88.7411,29.6563,126.0,
1029,0.2157,2.5782,0.0547,88.5275,29.6563,126.0,
1030,0.2094,2.0266,0.3826,88.7262,29.6437,126.681,
1031,0.2102,2.5519,0.0547,88.6829,29.6602,127.0,
1032,0.2111,1.4325,0.0547,88.6592,29.6695,126.32,
1033,0.2148,2.6894,0.3826,88.7439,29.6777,126.681,
1034,0.2134,2.0962,0.7106,88.5902,29.6675,127.0,
1035,0.2146,1.053,0.3826,88.651,29.6804,126.32,
1036,0.2143,2.93,0.3826,88.9058,29.6804,126.681,
1037,0.2145,2.6981,0.0547,88.92,29.6694,127.0,
1038,0.2102,2.6332,0.0547,88.7528,29.6807,127.0,
1039,0.2116,2.4832,0.0547,88.7402,29.6928,126.32,
1040,0.2107,2.5672,-0.6011,88.7404,29.6923,126.681,
1041,0.2162,2.4133,0.0547,88.8118,29.6829,127.0,
1042,0.2099,2.8593,0.0547,88.9049,29.6926,126.32,
1043,0.2113,2.7776,0.0547,88.905,29.6926,127.364,
1044,0.2133,3.0695,-0.2732,88.6237,29.7026,126.643,
1045,0.2152,3.1173,0.0547,88.9418,29.6914,127.364,
1046,0.2131,1.9823,0.0547,88.9407,29.702,127.32,
1047,0.2184,1.9158,0.0547,88.8337,29.6964,127.0,
1048,0.2133,1.2546,0.3826,88.8305,29.7001,126.681,
1049,0.2143,2.8788,0.0547,89.0388,29.7087,127.0,
1050,0.2113,1.895,-0.2732,88.7716,29.6973,126.32,
1051,0.2182,1.7651,-0.2732,88.4639,29.6973,126.681,
1052,0.2176,2.9242,0.0547,89.0595,29.6919,127.0,
1053,0.213,3.1465,0.0547,88.9974,29.6931,127.0,
1054,0.2158,2.5591,0.3826,88.8694,29.6918,127.681,
1055,0.2153,2.747,-0.2732,88.9583,29.6847,127.32,
1056,0.216,2.5141,-0.2732,89.0313,29.6904,127.0,
1057,0.2139,2.7166,0.7106,88.5214,29.6901,127.681,
1058,0.2174,2.4588,0.0547,88.628,29.6805,127.32,
1059,0.217,2.5937,0.0547,88.5919,29.6849,127.0,
1060,0.2186,2.819,0.0547,88.8108,29.6849,127.0,
1061,0.215,2.7527,0.0547,89.0188,29.6813,127.681,
1062,0.2165,2.6571,0.0547,88.3006,29.6851,128.0,
1063,0.2162,2.6429,0.3826,88.6523,29.6924,128.0,
1064,0.2118,2.4142,0.0547,88.3398,29.6846,128.0,
1065,0.2099,1.8476,0.3826,88.299,29.6903,126.643,
1066,0.2169,2.5546,0.0547,88.446,29.6843,128.0,
1067,0.2158,2.3259,0.0547,88.4307,29.6957,126.643,
1068,0.216,3.0599,0.0547,88.3952,29.6957,128.049,
1069,0.2119,2.136,0.0547,88.4532,29.6916,128.32,
1070,0.213,2.1355,0.0547,88.3465,29.6973,128.0,
1071,0.2137,2.2767,0.0547,88.2601,29.6968,128.0,
1072,0.2125,2.8309,-0.2732,88.335,29.6997,128.0,
1073,0.2134,1.1821,0.0547,88.411,29.6934,126.643,
1074,0.2157,1.9914,0.3826,88.3297,29.6989,126.681,
1075,0.2146,2.6034,0.0547,88.4258,29.7038,127.681,
1076,0.2171,2.56,0.0547,88.3104,29.7038,127.32,
1077,0.2145,2.8092,0.0547,88.3465,29.6861,127.0,
1078,0.2178,2.6816,0.0547,88.3693,29.7027,127.0,
1079,0.2102,2.9851,0.3826,88.3561,29.6931,127.681,
1080,0.2106,1.7537,0.3826,88.4186,29.697,127.32,
1081,0.2134,1.978,0.0547,88.549,29.695,127.681,
1082,0.2161,2.5855,0.3826,88.4064,29.6997,127.32,
1083,0.217,1.7236,0.3826,88.1571,29.6997,127.681,
1084,0.2135,1.8872,0.0547,88.3734,29.691,126.643,
1085,0.2104,2.861,0.0547,88.3676,29.6893,126.681,
1086,0.2115,2.6529,0.3826,88.1768,29.6941,127.681,
1087,0.2153,1.9609,0.0547,88.3856,29.6842,127.32,
1088,0.2145,2.8239,0.0547,88.5134,29.6851,127.0,
1089,0.2153,1.8744,-0.2732,88.2975,29.6978,127.681,
1090,0.2141,2.06,0.0547,88.2278,29.6957,127.32,
1091,0.2153,1.6129,0.0547,88.4121,29.6957,127.681,
1092,0.2082,3.0236,0.0547,88.3768,29.6957,127.32,
1093,0.217,1.9,0.3826,88.3606,29.6812,127.0,
1094,0.2146,3.0553,0.0547,88.3998,29.6967,127.681,
1095,0.2111,2.7166,0.0547,88.3653,29.705,127.32,
1096,0.2131,1.9946,0.0547,88.3716,29.701,127.0,
1097,0.2107,2.8881,-0.2732,88.1553,29.6975,127.0,
1098,0.2172,2.6277,-0.2732,88.3237,29.6975,127.681,
1099,0.215,2.3222,0.3826,88.4977,29.7077,128.0,
1100,0.2183,2.0861,0.0547,88.3087,29.7079,127.32,
1101,0.2165,2.2287,0.0547,88.366,29.7111,127.681,
1102,0.2191,2.4943,0.0547,88.2485,29.7017,127.32,
1103,0.2172,2.6174,0.0547,88.1237,29.7164,127.0,
1104,0.2179,2.7511,0.0547,88.7978,29.7217,127.681,
1105,0.2187,2.5955,0.0547,88.4778,29.734,128.0,
1106,0.2108,3.177,0.0547,88.483,29.734,127.32,
1107,0.2122,3.0059,0.7106,88.879,29.7247,127.0,
1108,0.2144,1.6791,0.0547,88.7325,29.7474,127.0,
1109,0.2159,1.2923,0.0547,88.7018,29.7297,127.681,
1110,0.2102,3.0655,0.0547,88.9194,29.7371,128.0,
1111,0.2163,2.5033,0.0547,88.7144,29.7371,127.32,
1112,0.2139,1.9908,0.0547,88.9245,29.7399,127.0,
1113,0.2143,2.4306,0.0547,88.8014,29.746,127.681,
1114,0.2182,2.9666,0.0547,88.9607,29.746,126.643,
1115,0.217,2.9333,0.3826,88.7434,29.7588,127.681,
1116,0.2158,2.1366,-0.2732,88.7089,29.7456,127.32,
1117,0.2115,2.5076,0.0547,88.7471,29.7564,126.32,
1118,0.2153,2.6516,0.0547,88.8215,29.7582,127.364,
1119,0.2104,2.4217,-0.2732,88.9276,29.7521,127.32,
1120,0.2156,2.7929,0.0547,88.7684,29.7613,127.0,
1121,0.2085,3.019,0.0547,88.9888,29.7694,127.0,
1122,0.2104,0.9708,0.0547,88.9787,29.7694,127.681,
1123,0.2183,2.0603,0.0547,88.8834,29.7667,128.0,
1124,0.2186,2.2708,0.3826,89.0015,29.7771,128.0,
1125,0.2108,2.9819,-0.2732,88.7925,29.7632,127.32,
1126,0.2122,2.739,0.0547,89.1585,29.7616,127.681,
1127,0.2143,2.3286,0.3826,89.0493,29.7736,128.0,
1128,0.2127,1.2961,0.0547,88.927,29.7615,127.32,
1129,0.2179,1.7901,0.0547,88.6746,29.7699,127.681,
1130,0.2146,2.6026,-0.2732,88.7662,29.7642,128.0,
1131,0.2145,2.6985,-0.2732,89.0687,29.7642,127.32,
1132,0.2186,2.303,0.0547,89.2018,29.7633,127.681,
1133,0.2164,2.0888,0.3826,88.9562,29.7545,127.32,
1134,0.2121,2.7475,0.3826,88.9816,29.7523,127.681,
1135,0.2133,2.9343,0.0547,89.0711,29.755,128.0,
1136,0.2168,1.902,0.0547,88.4241,29.7537,128.0,
1137,0.2183,2.6324,-0.2732,88.9439,29.7369,128.0,
1138,0.2189,2.1635,0.3826,89.0187,29.744,128.681,
1139,0.2195,2.7431,0.3826,89.0571,29.7453,128.32,
1140,0.2189,2.7969,0.0547,88.7451,29.7337,127.32,
1141,0.216,2.0791,0.3826,88.727,29.7337,127.681,
1142,0.2162,2.3306,0.3826,88.9855,29.7337,127.32,
1143,0.2139,2.2051,0.3826,88.407,29.73,127.681,
1144,0.2143,2.655,0.0547,88.3923,29.73,127.32,
1145,0.2129,2.694,0.7106,88.9557,29.7325,127.681,
1146,0.2105,2.5058,0.3826,88.3411,29.7262,127.32,
